????,???件??,請??網??部??它??以下哪一種網??該????到它是外????下殺?扣,?無使用???稱,該??販?站為??無?????done,,
2018/6/15 下? 2:15:32,xxxxxxxxxxxx@gmail.com,https,??三?,沒?,vivishop,?數計?
,,,,,,
,,,,,,
,,,,,,
2018/6/18 下? 5:36:20,xxxxxxxxxxxx@gmail.com,https,??三?,沒?,vivishop,?數計?
2018/6/18 下? 5:36:42,xxxxxxxxxxxx@gmail.com,http,??,一??沒?,??,???到??
2018/6/18 下? 5:37:01,xxxxxxxxxxxx@gmail.com,http,??,??沒?,vivishop,??
2018/6/18 下? 5:37:25,xxxxxxxxxxxx@gmail.com,http,????,沒?,??,??
2018/6/18 下? 5:37:45,xxxxxxxxxxxx@gmail.com,http,美?,一??????,???到??,
2018/6/18 下? 5:38:03,xxxxxxxxxxxx@gmail.com,?者都沒?,????沒?,?天?賣,??,
